Registrant,Name:
Registrant,Organization:
Registrant,Street:
Registrant,City:
Registrant,State/Province:
Registrant,Postal
Registrant,Country:
Registrant,Phone:
Registrant,Phone
Registrant,Fax:
Registrant,Fax
Registrant,Email:
Admin,Name:
Admin,Organization:
Admin,Street:
Admin,City:
Admin,State/Province:
Admin,Postal
Admin,Country:
Admin,Phone:
Admin,Phone
Admin,Fax:
Admin,Fax
Admin,Email:
Tech,Name:
Tech,Organization:
Tech,Street:
Tech,City:
Tech,State/Province:
Tech,Postal
Tech,Country:
Tech,Phone:
Tech,Phone
Tech,Fax:
Tech,Fax
Tech,Email:
